Company,LoanAmount,AnnualRevenue,DebtRatio,InterestCoverage,Defaulted
Company_1,17094478,42646529,0.44,3.82,0
Company_2,14315092,18769205,0.63,1.72,0
Company_3,3234489,19013403,0.51,2.32,0
Company_4,15586186,48542641,0.78,6.48,0
Company_5,10628519,44648899,0.67,6.01,0
Company_6,11526850,48177856,0.25,5.15,0
Company_7,8404852,31791175,0.65,7.27,0
Company_8,5981505,15353564,0.39,5.08,0
Company_9,14953367,42003110,0.61,4.27,0
Company_10,19544107,18942402,0.68,3.38,1
Company_11,5521373,33676873,0.36,7.58,0
Company_12,7019877,26988809,0.52,1.58,0
Company_13,4344769,34229010,0.33,7.52,0
Company_14,10180351,19493549,0.24,6.79,0
Company_15,1103355,15669435,0.46,1.91,0
Company_16,16964436,21642016,0.45,4.95,0
Company_17,2262752,46924694,0.9,7.07,0
Company_18,10784633,48728950,0.51,5.0,0
Company_19,6664789,37722310,0.43,7.35,0
Company_20,10695979,16484508,0.61,7.6,0
Company_21,10305648,12449607,0.26,3.96,0
Company_22,6743066,25820280,0.87,3.64,0
Company_23,11642490,18839094,0.64,7.55,0
Company_24,7113790,21701250,0.73,5.73,0
Company_25,14237723,41992982,0.32,1.81,0
Company_26,13648637,5076218,0.49,1.3,1
Company_27,17861870,28656190,0.5,4.95,0
Company_28,6147581,22547260,0.78,7.51,0
Company_29,19731570,10579079,0.2,6.91,0
Company_30,3428388,49489781,0.41,5.73,0
Company_31,3663046,18061358,0.89,1.97,1
Company_32,11959014,34822180,0.53,2.78,0
Company_33,16346051,33645954,0.47,7.13,0
Company_34,4385357,47290779,0.28,2.28,0
Company_35,16933681,21354286,0.88,2.95,0
Company_36,12184121,13860935,0.21,1.91,0
Company_37,2465689,29444321,0.72,5.73,0
Company_38,17845364,41249378,0.74,7.61,0
Company_39,19602881,42783647,0.37,2.88,0
Company_40,12392366,23699351,0.67,4.33,0
Company_41,16358907,20105101,0.27,5.44,0
Company_42,3669995,45576287,0.38,8.0,0
Company_43,13839420,47842925,0.75,1.73,1
Company_44,14479854,13997354,0.81,4.49,1
Company_45,7397986,45906639,0.63,3.7,0
Company_46,14187277,33168643,0.55,7.06,0
Company_47,2870928,34677043,0.31,4.33,0
Company_48,5155299,6962165,0.24,1.78,0
Company_49,11946097,12985620,0.28,5.44,0
Company_50,15091261,5611213,0.36,6.4,0
Company_51,1271836,29527791,0.44,1.02,0
Company_52,4584702,42795793,0.47,7.01,0
Company_53,8281369,40393865,0.44,2.3,0
Company_54,9585377,36712006,0.37,4.86,0
Company_55,19048957,11569632,0.56,3.91,0
Company_56,18824013,25449430,0.78,6.04,0
Company_57,4047262,23803796,0.4,3.6,0
Company_58,11973639,46061756,0.86,7.09,0
Company_59,1564685,11202258,0.81,6.11,0
Company_60,3879190,26116451,0.31,5.53,0
Company_61,2007293,14880860,0.75,6.57,0
Company_62,4366612,8526737,0.6,6.28,0
Company_63,3704238,13790529,0.6,1.25,0
Company_64,3630708,23786176,0.47,3.76,0
Company_65,4494679,26232430,0.55,7.52,0
Company_66,19544856,38246730,0.48,1.88,0
Company_67,16606139,45473321,0.58,6.16,0
Company_68,12002348,25153729,0.64,7.82,0
Company_69,2285160,20823554,0.67,1.37,1
Company_70,6173036,17790902,0.57,5.78,0
Company_71,19202688,15473867,0.7,4.28,1
Company_72,1048984,15864147,0.3,5.05,0
Company_73,11788678,11193956,0.35,1.6,1
Company_74,7556168,18579173,0.77,1.3,1
Company_75,19281600,40259647,0.43,5.67,0
Company_76,15616555,27214365,0.22,6.76,0
Company_77,13719242,19529416,0.31,6.47,0
Company_78,16160818,12271476,0.36,4.81,0
Company_79,17030288,8266402,0.87,1.7,1
Company_80,2737095,29899065,0.6,5.82,0
Company_81,11499746,25886096,0.85,2.69,0
Company_82,5780450,44054025,0.6,7.38,0
Company_83,19887034,19072989,0.54,6.87,0
Company_84,17029444,18126263,0.42,5.97,0
Company_85,12336697,9261946,0.62,7.64,0
Company_86,4853339,21867309,0.3,1.22,0
Company_87,17013446,14944790,0.83,6.15,1
Company_88,18773323,17800127,0.78,3.31,1
Company_89,12910049,48946719,0.42,7.34,0
Company_90,8130144,19338768,0.87,2.87,0
Company_91,5545583,6732465,0.78,6.07,0
Company_92,16593974,34396082,0.67,7.14,0
Company_93,8988004,18109773,0.29,1.29,0
Company_94,14072482,36404552,0.53,3.78,0
Company_95,6515989,49599847,0.55,6.34,0
Company_96,19898906,41413676,0.36,4.18,0
Company_97,15881728,38877350,0.26,2.87,0
Company_98,1491234,24023125,0.74,2.54,0
Company_99,11336868,34228266,0.29,1.92,0
Company_100,13722094,5116739,0.62,7.0,0
Company_101,10909709,36251097,0.86,5.03,0
Company_102,13766976,48229625,0.81,1.53,1
Company_103,13796932,47723356,0.39,3.68,0
Company_104,7914550,20985249,0.8,3.57,0
Company_105,7906726,33700374,0.2,2.27,0
Company_106,6888794,16878474,0.21,4.05,0
Company_107,7510425,48309893,0.62,3.32,0
Company_108,9511017,39569361,0.46,3.39,0
Company_109,8887739,40974996,0.47,6.17,0
Company_110,1769598,15971177,0.6,2.56,0
Company_111,16452902,41207525,0.33,5.49,0
Company_112,8971379,25080673,0.35,4.99,0
Company_113,4331068,36366160,0.54,4.98,0
Company_114,4256415,11944121,0.73,5.64,0
Company_115,1874371,11238795,0.63,4.84,0
Company_116,6654237,19157398,0.41,7.15,0
Company_117,13261606,45345400,0.5,5.73,0
Company_118,18750764,8751198,0.32,4.83,0
Company_119,4344014,20732903,0.25,6.81,0
Company_120,10602083,8138145,0.75,5.24,1
Company_121,3959034,34063435,0.39,3.04,0
Company_122,1043585,39780908,0.32,2.45,0
Company_123,15744108,42738488,0.68,2.07,1
Company_124,3539448,47515252,0.63,7.3,0
Company_125,17886772,20016390,0.64,5.97,0
Company_126,19352773,40055276,0.36,7.56,0
Company_127,15643995,47872208,0.36,5.22,0
Company_128,11511699,39954715,0.35,4.31,0
Company_129,9306461,27704829,0.32,1.42,0
Company_130,3009021,19142073,0.66,5.7,0
Company_131,2201482,5691757,0.79,5.08,0
Company_132,18319551,5390719,0.71,7.93,1
Company_133,12822585,48470977,0.75,2.67,0
Company_134,3484413,48092987,0.48,4.72,0
Company_135,3907360,28631669,0.66,5.56,0
Company_136,6895544,20713642,0.45,5.51,0
Company_137,3235000,25073266,0.57,4.93,0
Company_138,5322252,45381731,0.54,6.44,0
Company_139,6822184,28025010,0.32,2.43,0
Company_140,1402690,29694812,0.47,6.08,0
Company_141,3548421,43457098,0.87,5.34,0
Company_142,13604871,36970599,0.37,7.27,0
Company_143,13195226,44787171,0.29,6.93,0
Company_144,15381704,6270896,0.49,3.21,0
Company_145,2954109,16952314,0.75,2.93,0
Company_146,15421668,6059622,0.61,7.87,0
Company_147,12501362,9422375,0.68,4.69,1
Company_148,17266473,21770274,0.33,7.34,0
Company_149,8205547,36354977,0.63,2.15,0
Company_150,9323735,30874486,0.43,5.5,0
Company_151,19161466,36873646,0.78,6.67,0
Company_152,13414325,9131479,0.64,7.63,0
Company_153,1061087,47955157,0.34,3.36,0
Company_154,14596255,23409209,0.25,6.07,0
Company_155,15665175,41905710,0.23,4.77,0
Company_156,19273392,29755666,0.46,1.42,0
Company_157,11274621,10703394,0.39,5.83,0
Company_158,14022704,24545578,0.65,5.83,0
Company_159,17816569,16415376,0.55,7.51,0
Company_160,7484531,14068026,0.39,4.48,0
Company_161,8654909,18283692,0.3,2.61,0
Company_162,5259622,31280417,0.29,1.31,0
Company_163,6725570,27708377,0.81,3.91,0
Company_164,18194096,28567809,0.37,3.11,0
Company_165,16421040,7721864,0.66,6.33,1
Company_166,5965050,38458471,0.77,3.48,0
Company_167,1813168,45539152,0.63,7.64,0
Company_168,1225281,33104320,0.8,7.74,0
Company_169,12506305,12733308,0.47,5.35,0
Company_170,8734102,8875754,0.87,7.5,0
Company_171,6674719,24482215,0.29,6.33,0
Company_172,9658144,33160024,0.27,4.83,0
Company_173,7609280,33356738,0.66,2.26,1
Company_174,5372093,15912996,0.86,4.21,0
Company_175,19338945,15047595,0.77,4.93,1
Company_176,11611417,35908587,0.25,7.05,0
Company_177,6478047,33003805,0.4,4.37,0
Company_178,2119043,27564965,0.85,7.28,0
Company_179,12718070,45131083,0.38,5.72,0
Company_180,17351434,11867218,0.75,1.96,1
Company_181,11595511,14004644,0.78,7.96,0
Company_182,15012538,43542128,0.55,4.69,0
Company_183,8103230,42639184,0.47,3.74,0
Company_184,3558231,18143608,0.52,5.61,0
Company_185,7659908,41532022,0.36,1.76,0
Company_186,4080389,29376816,0.82,5.46,0
Company_187,2661909,41851723,0.52,4.49,0
Company_188,17887294,26671503,0.82,3.85,0
Company_189,19692847,41045138,0.27,7.67,0
Company_190,7314127,46601684,0.89,4.66,0
Company_191,10792712,43808656,0.51,2.53,0
Company_192,3008187,15880726,0.23,4.21,0
Company_193,2659066,27992356,0.23,7.44,0
Company_194,3148815,25515189,0.72,2.23,1
Company_195,8355740,28388869,0.66,2.5,1
Company_196,7404003,26689432,0.76,1.09,1
Company_197,5135314,30941259,0.27,1.1,0
Company_198,1910681,15563214,0.22,6.81,0
Company_199,19384834,29374842,0.56,6.12,0
Company_200,11421958,19143385,0.47,3.49,0
Company_201,11700595,25275688,0.52,5.89,0
Company_202,13984808,33172140,0.89,3.77,0
Company_203,15764960,40119150,0.88,7.67,0
Company_204,17848511,15523401,0.86,7.77,1
Company_205,10132582,48545615,0.75,3.75,0
Company_206,8613287,19488262,0.45,6.98,0
Company_207,17385802,42367702,0.49,6.41,0
Company_208,4612600,43360857,0.58,3.17,0
Company_209,18603032,28387092,0.78,2.62,0
Company_210,13105878,24156053,0.25,4.21,0
Company_211,11245534,44678201,0.5,6.47,0
Company_212,11047453,6524102,0.26,7.72,0
Company_213,3026793,16579149,0.56,6.35,0
Company_214,1554594,47607220,0.83,6.99,0
Company_215,9536326,7035848,0.75,5.22,1
Company_216,17037627,26900146,0.36,6.85,0
Company_217,14228175,15828463,0.88,6.49,0
Company_218,3204664,30370439,0.67,3.64,0
Company_219,5341747,14913841,0.21,4.86,0
Company_220,13956528,34061846,0.38,6.63,0
Company_221,18464192,28468625,0.38,1.32,0
Company_222,16487428,16457501,0.25,6.66,0
Company_223,9506404,39392435,0.87,2.25,1
Company_224,2241082,8433382,0.53,4.6,0
Company_225,6184502,13670178,0.83,6.66,0
Company_226,14281288,33348817,0.43,2.78,0
Company_227,13503247,34246906,0.29,2.72,0
Company_228,19356375,8395049,0.53,3.82,0
Company_229,7041495,21843366,0.28,7.26,0
Company_230,18569187,29728848,0.54,1.0,0
Company_231,1501157,45984077,0.84,7.31,0
Company_232,12002109,15822814,0.56,2.08,0
Company_233,6946594,27858903,0.63,7.93,0
Company_234,12310552,47942594,0.31,7.68,0
Company_235,12471761,42747492,0.23,4.46,0
Company_236,3904941,20170521,0.28,4.59,0
Company_237,8983441,30841846,0.62,4.37,0
Company_238,6320385,17267883,0.27,5.45,0
Company_239,19877237,47639398,0.46,1.64,0
Company_240,14364386,16984398,0.59,1.23,0
Company_241,16134415,35502775,0.47,1.4,0
Company_242,10749436,40396080,0.31,4.11,0
Company_243,18395683,35715395,0.39,2.93,0
Company_244,6333152,45686940,0.85,5.35,0
Company_245,11524227,28215061,0.67,7.95,0
Company_246,13344096,31854296,0.55,3.7,0
Company_247,8328141,19949772,0.21,5.02,0
Company_248,19485139,8828433,0.89,3.91,1
Company_249,6134207,24512480,0.67,6.93,0
Company_250,9516999,26225964,0.42,7.32,0
Company_251,10405634,32866537,0.82,7.14,0
Company_252,6853584,12152747,0.38,7.82,0
Company_253,15488191,42691702,0.58,1.19,0
Company_254,15936751,42872354,0.65,6.88,0
Company_255,5301754,30625121,0.35,6.26,0
Company_256,3269042,29242589,0.88,2.6,0
Company_257,16118805,6020154,0.72,7.69,1
Company_258,2983509,43499601,0.59,2.04,0
Company_259,8740141,11733215,0.33,5.76,0
Company_260,17893597,13195810,0.24,2.57,0
Company_261,19298917,37339834,0.42,4.02,0
Company_262,11008805,45739629,0.73,6.03,0
Company_263,11620268,34900787,0.39,4.94,0
Company_264,11166834,29948764,0.58,3.99,0
Company_265,7105525,11714301,0.71,3.28,0
Company_266,12326237,49746736,0.28,6.88,0
Company_267,2418175,32259197,0.68,2.01,1
Company_268,16559675,15760888,0.26,4.01,0
Company_269,16900476,16305231,0.88,7.33,1
Company_270,8265795,31035947,0.54,6.92,0
Company_271,4772962,37909688,0.31,3.81,0
Company_272,13580031,16374857,0.44,6.34,0
Company_273,11149035,40414014,0.49,6.76,0
Company_274,13707035,34610323,0.73,7.22,0
Company_275,6130397,18775236,0.72,4.81,0
Company_276,4451356,23907101,0.63,2.43,0
Company_277,4444084,19372528,0.27,2.79,0
Company_278,3927109,9720642,0.31,3.07,0
Company_279,13761186,5549239,0.27,5.16,0
Company_280,12275612,30722525,0.6,1.23,0
Company_281,9503902,43963185,0.81,5.45,0
Company_282,12521122,14659072,0.5,3.55,0
Company_283,17188091,22562548,0.31,3.07,0
Company_284,7214624,19376941,0.59,7.16,0
Company_285,5335868,30332296,0.77,4.22,0
Company_286,10814996,5397710,0.72,1.67,1
Company_287,15650271,45057648,0.82,6.79,0
Company_288,13240032,9317048,0.39,1.33,1
Company_289,19992383,38381719,0.34,6.09,0
Company_290,4886402,19133434,0.82,6.42,0
Company_291,10078552,9785956,0.66,3.47,1
Company_292,18465321,26882940,0.42,6.77,0
Company_293,2989173,43580196,0.72,4.61,0
Company_294,4080761,49793211,0.77,4.24,0
Company_295,2414466,22687991,0.63,1.32,0
Company_296,1445101,44509310,0.68,3.03,0
Company_297,15716695,36061293,0.46,7.52,0
Company_298,18882750,35272855,0.58,3.74,0
Company_299,12616410,22336140,0.57,4.83,0
Company_300,11192257,25658401,0.79,4.72,0
Company_301,10613273,43559430,0.79,5.13,0
Company_302,8315360,34178419,0.78,1.43,1
Company_303,17358792,15679043,0.21,3.54,0
Company_304,1498863,27470291,0.72,6.06,0
Company_305,10185687,46664348,0.73,2.4,1
Company_306,15900027,43747710,0.67,2.43,1
Company_307,16160825,15812658,0.73,1.07,1
Company_308,7512440,5302186,0.79,4.06,1
Company_309,13431395,24984609,0.53,7.18,0
Company_310,7099628,44043896,0.55,1.36,0
Company_311,7555968,12456985,0.29,2.34,0
Company_312,3699015,28544744,0.47,3.17,0
Company_313,17722573,22803769,0.65,6.12,0
Company_314,17340850,32381509,0.75,5.48,0
Company_315,9837590,21727556,0.35,3.91,0
Company_316,18949838,25521013,0.3,6.31,0
Company_317,3503771,6514542,0.66,5.27,0
Company_318,4177825,42735088,0.2,7.27,0
Company_319,1996161,16318792,0.32,6.73,0
Company_320,5183839,30242722,0.22,2.77,0
Company_321,1666326,20135763,0.32,2.9,0
Company_322,1649150,45400624,0.33,1.88,0
Company_323,1118834,13676924,0.47,3.36,0
Company_324,16385150,48951994,0.48,8.0,0
Company_325,13867733,29124905,0.81,3.84,0
Company_326,5422201,40383985,0.56,2.54,0
Company_327,2079600,34254481,0.71,6.34,0
Company_328,10827141,41595773,0.27,4.8,0
Company_329,4503157,34253634,0.36,2.05,0
Company_330,9849851,19315679,0.69,3.66,0
Company_331,19762804,49048098,0.24,3.9,0
Company_332,19529899,29440805,0.54,6.28,0
Company_333,18781862,26765239,0.62,1.14,0
Company_334,1449395,29586222,0.62,2.88,0
Company_335,7754350,20527000,0.22,4.62,0
Company_336,19037602,23453059,0.43,2.88,0
Company_337,4379569,13423309,0.65,5.4,0
Company_338,3900603,8229028,0.3,4.37,0
Company_339,16709289,23498826,0.69,3.53,0
Company_340,12355805,15569320,0.72,7.64,0
Company_341,9611474,7339767,0.89,5.43,1
Company_342,2646711,36500922,0.35,1.91,0
Company_343,17463634,24391451,0.78,4.92,0
Company_344,7319707,39045468,0.56,6.47,0
Company_345,8967801,15851224,0.46,5.96,0
Company_346,2423286,41264673,0.29,2.2,0
Company_347,4695961,16822411,0.71,7.81,0
Company_348,9217316,22920169,0.37,4.14,0
Company_349,8348340,8978702,0.46,2.11,0
Company_350,12802429,46723416,0.24,2.26,0
Company_351,1183062,22104132,0.76,1.69,1
Company_352,3841992,8597706,0.74,6.62,0
Company_353,5294539,43060986,0.71,1.85,1
Company_354,12609076,5605409,0.41,1.88,1
Company_355,16058560,14462743,0.32,6.95,0
Company_356,7095929,16377787,0.65,3.41,0
Company_357,5944505,26827621,0.55,1.22,0
Company_358,1803328,46892167,0.32,1.36,0
Company_359,2043233,40280122,0.68,2.0,1
Company_360,11100349,25057988,0.89,2.49,1
Company_361,1529525,13197295,0.72,5.66,0
Company_362,16712815,10809041,0.72,2.1,1
Company_363,14651544,17546501,0.87,1.83,1
Company_364,17953831,43641700,0.34,6.35,0
Company_365,8474447,11155579,0.6,5.7,0
Company_366,5601020,5403119,0.89,4.05,1
Company_367,16126502,21556827,0.32,4.85,0
Company_368,4699391,35495692,0.69,3.18,0
Company_369,11074901,37027216,0.61,4.38,0
Company_370,15932828,38957164,0.61,4.55,0
Company_371,4612610,6950013,0.69,3.71,0
Company_372,16192217,6132658,0.85,7.35,1
Company_373,19941583,42877058,0.75,1.11,1
Company_374,11292658,22434167,0.24,6.48,0
Company_375,1144356,30177127,0.8,1.87,1
Company_376,13786773,31376033,0.36,6.58,0
Company_377,2748014,18881178,0.46,5.31,0
Company_378,8156720,26981132,0.52,6.9,0
Company_379,17742125,11026988,0.54,1.68,1
Company_380,13661693,20590661,0.5,4.91,0
Company_381,3288627,29203479,0.86,4.51,0
Company_382,15840260,7366610,0.69,5.94,1
Company_383,7597519,42734735,0.64,4.74,0
Company_384,18541337,14456807,0.23,4.79,0
Company_385,10558356,34342048,0.83,4.01,0
Company_386,11970723,9684346,0.84,3.16,1
Company_387,6698848,39012730,0.75,4.38,0
Company_388,17047357,22824559,0.2,1.83,0
Company_389,18884893,27496936,0.24,7.73,0
Company_390,6738852,30271052,0.36,6.0,0
Company_391,1288790,43175082,0.29,7.67,0
Company_392,6084921,23532908,0.48,2.59,0
Company_393,17463605,47827096,0.85,7.16,0
Company_394,10797444,40284660,0.53,6.66,0
Company_395,17612451,40501225,0.21,5.74,0
Company_396,14233331,44669950,0.4,5.38,0
Company_397,4693305,16667877,0.23,3.22,0
Company_398,17101010,12393979,0.23,6.71,0
Company_399,14470137,15115078,0.39,4.51,0
Company_400,5466271,33506244,0.39,1.5,0
Company_401,2352695,30214698,0.75,3.19,0
Company_402,11495300,40177004,0.88,7.55,0
Company_403,19366444,22486878,0.46,6.95,0
Company_404,2100567,27098345,0.5,7.87,0
Company_405,8706358,21620937,0.79,5.4,0
Company_406,14201904,36984287,0.39,2.73,0
Company_407,1049115,35038378,0.31,2.14,0
Company_408,16423647,47413492,0.8,2.31,1
Company_409,12726298,44227037,0.23,1.14,0
Company_410,18498963,15528294,0.63,3.73,0
Company_411,14119138,24369886,0.59,2.34,0
Company_412,12438459,9810833,0.44,3.88,0
Company_413,16033888,28480675,0.42,7.54,0
Company_414,2404330,44972097,0.74,4.01,0
Company_415,18028708,22219277,0.26,7.15,0
Company_416,5035851,33500556,0.37,5.24,0
Company_417,15131010,37073692,0.71,2.73,0
Company_418,1491072,42316107,0.58,3.49,0
Company_419,2086880,32427110,0.29,1.59,0
Company_420,14087911,29192961,0.82,3.33,0
Company_421,16287338,29859871,0.48,5.74,0
Company_422,3055723,30654796,0.78,1.5,1
Company_423,3248988,37435245,0.75,2.44,1
Company_424,16683595,34263888,0.64,3.67,0
Company_425,10702701,32783527,0.55,7.87,0
Company_426,12153281,47106078,0.89,6.49,0
Company_427,3976242,12281505,0.3,6.13,0
Company_428,5580081,43679227,0.71,1.81,1
Company_429,15256162,43965695,0.33,6.47,0
Company_430,3648790,42518167,0.44,6.5,0
Company_431,4763024,31540396,0.42,5.21,0
Company_432,12098716,19812143,0.86,7.93,0
Company_433,5833177,13989138,0.88,3.28,0
Company_434,9272841,17037574,0.33,7.59,0
Company_435,9454561,48020873,0.22,7.4,0
Company_436,13378226,49520680,0.7,1.08,1
Company_437,3597480,47378463,0.49,4.15,0
Company_438,17535430,11555035,0.26,7.84,0
Company_439,5197571,37735803,0.68,1.72,1
Company_440,7118900,37737614,0.58,4.83,0
Company_441,17934380,48607261,0.89,7.85,0
Company_442,11617244,20886372,0.36,4.89,0
Company_443,1531831,42622748,0.48,2.33,0
Company_444,3989475,37456981,0.58,5.08,0
Company_445,17679640,13067987,0.75,2.43,1
Company_446,4369720,6656671,0.58,4.64,0
Company_447,5711075,27458851,0.63,1.52,0
Company_448,7854500,27922481,0.36,5.24,0
Company_449,3640328,47081603,0.79,4.62,0
Company_450,10222335,22560282,0.5,6.18,0
Company_451,12552291,48497663,0.3,5.41,0
Company_452,1070640,26677072,0.66,4.85,0
Company_453,13779494,28017995,0.35,5.83,0
Company_454,11389599,25833173,0.27,2.01,0
Company_455,5594877,28394704,0.8,5.17,0
Company_456,19132747,22375113,0.52,2.2,0
Company_457,1675510,25718453,0.72,7.48,0
Company_458,4741196,14161408,0.4,1.48,0
Company_459,17583522,42214417,0.75,4.01,0
Company_460,7706024,29796429,0.28,5.87,0
Company_461,12720477,25353727,0.45,4.21,0
Company_462,18675536,22941166,0.88,1.64,1
Company_463,14217648,5549148,0.76,4.87,1
Company_464,19784851,41328139,0.55,5.49,0
Company_465,4264908,34844218,0.44,5.93,0
Company_466,13992907,26845218,0.81,3.61,0
Company_467,15573458,7773939,0.58,4.95,0
Company_468,15356744,40490172,0.73,4.15,0
Company_469,16787803,41989387,0.73,5.7,0
Company_470,14423442,43491142,0.21,5.08,0
Company_471,4599865,18426716,0.29,4.68,0
Company_472,14456244,32911050,0.66,2.75,0
Company_473,18816674,43710304,0.31,1.01,0
Company_474,4772811,23331726,0.38,2.22,0
Company_475,3317336,31996639,0.86,1.82,1
Company_476,3763642,25540338,0.59,4.14,0
Company_477,8689684,15774986,0.73,5.29,0
Company_478,11198499,9421590,0.59,2.49,1
Company_479,4788340,41089369,0.59,7.57,0
Company_480,11808470,16546081,0.27,1.05,0
Company_481,1197775,39366893,0.44,6.41,0
Company_482,3386488,34221379,0.4,5.38,0
Company_483,18564710,23495440,0.47,3.61,0
Company_484,6332660,41265058,0.76,1.35,1
Company_485,10589801,49924392,0.46,5.39,0
Company_486,13331942,36670310,0.52,3.7,0
Company_487,17079245,31552476,0.48,7.55,0
Company_488,12398366,11440010,0.27,4.79,0
Company_489,6083769,13674163,0.51,7.58,0
Company_490,18310852,23279553,0.34,2.54,0
Company_491,12426978,35914222,0.33,6.08,0
Company_492,12624266,42041101,0.27,5.32,0
Company_493,11164811,32209162,0.45,6.18,0
Company_494,3276360,37790042,0.73,2.5,0
Company_495,16883337,42277378,0.39,5.65,0
Company_496,5408249,48429245,0.42,4.49,0
Company_497,5426219,49808939,0.65,6.2,0
Company_498,11923237,5224695,0.34,3.29,0
Company_499,19109613,49924507,0.83,7.23,0
Company_500,17434343,31267668,0.56,1.59,0
Company_501,11524841,19063918,0.51,6.65,0
Company_502,7646705,34933317,0.59,7.03,0
Company_503,6462810,48353746,0.32,6.72,0
Company_504,14388409,41894648,0.63,4.59,0
Company_505,14846020,25610500,0.45,4.07,0
Company_506,10726290,18245696,0.83,7.97,0
Company_507,14659783,40402297,0.32,2.6,0
Company_508,17164204,19921595,0.55,4.83,0
Company_509,15837568,29363941,0.62,5.69,0
Company_510,2286643,47862524,0.22,5.91,0
Company_511,10922192,42571568,0.45,2.43,0
Company_512,9315390,44304715,0.71,5.58,0
Company_513,7200646,6074961,0.77,6.73,1
Company_514,7983896,26402894,0.42,1.35,0
Company_515,15509187,16950571,0.76,7.38,0
Company_516,6409861,24155151,0.88,1.21,1
Company_517,16931836,17866619,0.8,3.49,0
Company_518,13831595,7474968,0.28,1.11,1
Company_519,16963317,44720592,0.72,1.54,1
Company_520,9415398,27749774,0.42,7.38,0
Company_521,11080346,7442266,0.89,3.48,1
Company_522,1448345,9437677,0.54,3.97,0
Company_523,10137682,14607366,0.29,2.51,0
Company_524,8827494,10241218,0.71,5.18,0
Company_525,2879490,31821567,0.43,5.16,0
Company_526,16814828,10481140,0.9,3.61,1
Company_527,16209100,28991831,0.89,3.33,0
Company_528,5984445,36247234,0.66,7.19,0
Company_529,7939705,43535694,0.29,3.68,0
Company_530,8002587,10290717,0.68,4.45,0
Company_531,7742471,39072781,0.27,2.98,0
Company_532,2454908,24659206,0.22,6.51,0
Company_533,11642302,5797968,0.78,3.78,1
Company_534,4319144,41210403,0.35,4.6,0
Company_535,9693670,34163439,0.47,2.77,0
Company_536,17567296,36007736,0.88,7.91,0
Company_537,6806466,24651515,0.44,3.04,0
Company_538,14449563,12339838,0.41,6.4,0
Company_539,6304509,21520181,0.84,3.99,0
Company_540,8668216,19467188,0.28,2.44,0
Company_541,5949499,7938199,0.73,6.6,0
Company_542,7062903,13998604,0.89,3.34,0
Company_543,10814149,43464208,0.83,7.06,0
Company_544,19648619,47721553,0.66,7.41,0
Company_545,6747372,41857821,0.42,7.02,0
Company_546,5848287,13025407,0.38,1.25,0
Company_547,6658796,26131601,0.77,6.51,0
Company_548,18598268,30554414,0.82,3.88,0
Company_549,11195758,31931806,0.57,7.12,0
Company_550,3225300,18476005,0.37,5.47,0
Company_551,19632783,49721695,0.28,6.84,0
Company_552,19312053,8151882,0.26,4.5,0
Company_553,12889876,37134444,0.7,4.75,0
Company_554,4338442,35319320,0.49,2.01,0
Company_555,15963940,8210016,0.83,6.49,1
Company_556,13842659,11737320,0.72,3.94,1
Company_557,1423570,40943815,0.33,4.5,0
Company_558,3373139,28773962,0.63,6.5,0
Company_559,10246766,27750760,0.5,5.19,0
Company_560,19892008,37942480,0.6,2.41,0
Company_561,2873421,43836811,0.72,5.13,0
Company_562,7081950,14825144,0.76,3.85,0
Company_563,16650304,41097069,0.79,4.29,0
Company_564,11986868,13033951,0.38,1.2,0
Company_565,7925877,16779534,0.22,2.47,0
Company_566,6967106,42712981,0.72,2.97,0
Company_567,12684495,36029339,0.27,5.99,0
Company_568,12706838,14734816,0.42,1.08,0
Company_569,6118922,48721639,0.2,3.86,0
Company_570,14642511,46965471,0.68,7.47,0
Company_571,17736613,21052465,0.32,1.78,0
Company_572,11873803,47590048,0.66,4.61,0
Company_573,13649115,13962049,0.89,6.51,0
Company_574,17937991,17851424,0.25,7.6,0
Company_575,3667867,46839392,0.25,6.23,0
Company_576,12858009,37356072,0.44,6.04,0
Company_577,8686841,34536204,0.81,6.79,0
Company_578,13164411,23827165,0.35,4.12,0
Company_579,2344027,13388512,0.45,6.64,0
Company_580,5166500,6947763,0.25,1.06,0
Company_581,10179875,32050901,0.73,7.47,0
Company_582,8884479,46208934,0.49,4.1,0
Company_583,1497562,38138881,0.73,4.87,0
Company_584,13237301,42436581,0.83,2.78,0
Company_585,5578238,26650278,0.36,6.2,0
Company_586,6562067,13439469,0.77,1.54,1
Company_587,6237196,29455289,0.24,7.11,0
Company_588,2600396,20941617,0.83,6.8,0
Company_589,10555196,43400142,0.66,2.51,0
Company_590,14021573,47664041,0.81,6.67,0
Company_591,12066226,19391234,0.2,6.5,0
Company_592,14046468,29035962,0.32,5.43,0
Company_593,18352494,6443717,0.47,3.61,0
Company_594,18955265,9409352,0.47,2.9,0
Company_595,14060919,36050824,0.36,2.62,0
Company_596,8136029,26888358,0.47,3.23,0
Company_597,4314692,20329502,0.29,7.32,0
Company_598,13582006,48148703,0.49,1.54,0
Company_599,7285088,13421928,0.76,6.8,0
Company_600,18887605,30492849,0.54,3.44,0
Company_601,17353425,47307399,0.21,4.65,0
Company_602,13460255,6308507,0.5,6.56,0
Company_603,4912942,25843837,0.22,7.19,0
Company_604,9501424,14331795,0.88,3.41,0
Company_605,8468810,17382318,0.29,4.23,0
Company_606,2635156,14986298,0.7,3.9,0
Company_607,11155224,5100734,0.88,1.09,1
Company_608,6001045,13546310,0.78,3.07,0
Company_609,5463418,24628490,0.69,4.21,0
Company_610,11270156,23003027,0.79,3.88,0
Company_611,5345760,31312911,0.89,6.05,0
Company_612,4251298,8081091,0.63,3.69,0
Company_613,5465150,21002437,0.59,4.43,0
Company_614,8249903,25606265,0.64,4.01,0
Company_615,19100699,16091989,0.57,6.18,0
Company_616,2722320,17681730,0.64,7.04,0
Company_617,14298372,45819838,0.51,4.72,0
Company_618,4196340,38283771,0.35,6.53,0
Company_619,15441444,9755469,0.28,3.08,0
Company_620,13243026,20053770,0.25,4.79,0
Company_621,9247752,31098641,0.38,3.42,0
Company_622,18864557,46528843,0.23,3.9,0
Company_623,7195200,19150540,0.6,6.13,0
Company_624,4977266,32346162,0.4,7.17,0
Company_625,6558956,6992825,0.78,1.85,1
Company_626,18620739,8832978,0.25,5.44,0
Company_627,9934845,35559798,0.36,5.08,0
Company_628,14832640,11152941,0.71,1.83,1
Company_629,5040479,42670243,0.62,2.48,0
Company_630,1092193,47537644,0.25,3.18,0
Company_631,14088862,48992967,0.81,2.17,1
Company_632,18964103,41286070,0.81,2.71,0
Company_633,14943554,15556086,0.43,2.87,0
Company_634,14270321,28289643,0.44,3.35,0
Company_635,3658571,41458065,0.89,6.25,0
Company_636,17689088,27489029,0.64,5.0,0
Company_637,11611677,6940369,0.57,7.9,0
Company_638,8102173,46681557,0.79,3.9,0
Company_639,12834106,22994276,0.4,6.28,0
Company_640,18258896,30955176,0.5,7.1,0
Company_641,6165679,43233146,0.39,5.75,0
Company_642,15961406,46664130,0.75,3.88,0
Company_643,15681316,19609307,0.6,6.28,0
Company_644,14409108,40876898,0.66,2.43,1
Company_645,5100673,12778748,0.38,3.29,0
Company_646,2534026,46654364,0.35,4.83,0
Company_647,9704434,6946830,0.54,5.03,0
Company_648,16285669,37997728,0.72,1.15,1
Company_649,1327359,45793419,0.57,7.62,0
Company_650,17751329,14957168,0.22,5.88,0
Company_651,18094753,43214493,0.81,4.47,0
Company_652,17457553,37880340,0.25,7.53,0
Company_653,7953757,41159646,0.87,4.07,0
Company_654,1550222,46478073,0.22,7.86,0
Company_655,3453752,40783612,0.69,4.59,0
Company_656,11320855,15717207,0.26,1.8,0
Company_657,19130254,20540627,0.84,6.35,0
Company_658,5657693,21169764,0.53,5.75,0
Company_659,1707689,14384451,0.3,6.41,0
Company_660,13836402,9188891,0.44,7.66,0
Company_661,11004560,14014653,0.32,6.44,0
Company_662,19073732,19064147,0.32,5.28,0
Company_663,15142224,25808635,0.86,7.0,0
Company_664,2854971,43049943,0.51,5.71,0
Company_665,17045907,37884400,0.75,3.86,0
Company_666,15903841,7363999,0.65,7.2,0
Company_667,16539973,47663528,0.67,2.55,0
Company_668,2849396,9790691,0.29,6.0,0
Company_669,16734209,32950196,0.36,7.17,0
Company_670,3691276,26003105,0.75,6.12,0
Company_671,3526954,14852415,0.88,5.88,0
Company_672,7549546,22066318,0.38,6.27,0
Company_673,17663288,48279777,0.39,4.26,0
Company_674,14081782,38321714,0.53,7.12,0
Company_675,15882910,16186361,0.89,2.42,1
Company_676,9001482,31256629,0.39,1.89,0
Company_677,11114959,37371979,0.48,3.0,0
Company_678,2072647,42998210,0.82,4.72,0
Company_679,2631107,33175911,0.2,4.57,0
Company_680,10417063,38814548,0.23,6.74,0
Company_681,6106563,11086368,0.62,3.83,0
Company_682,9234679,33207970,0.84,4.39,0
Company_683,16011932,49561177,0.37,1.09,0
Company_684,19727583,16950831,0.53,3.87,0
Company_685,2910705,39812381,0.52,5.53,0
Company_686,2601596,38535574,0.53,1.11,0
Company_687,8757202,37386345,0.64,2.97,0
Company_688,7348564,18607851,0.53,2.46,0
Company_689,6723601,16360589,0.51,1.29,0
Company_690,17618153,44092598,0.53,4.35,0
Company_691,3382357,34124900,0.61,2.27,0
Company_692,12875732,33487589,0.58,6.2,0
Company_693,8904069,38942508,0.8,6.94,0
Company_694,15810624,20648245,0.23,4.82,0
Company_695,14630084,38523310,0.78,7.87,0
Company_696,14781337,10540070,0.79,4.15,1
Company_697,16428653,32364435,0.4,4.59,0
Company_698,17099248,11491878,0.52,7.92,0
Company_699,15677069,36241029,0.51,2.62,0
Company_700,9480473,6960826,0.35,7.6,0
Company_701,13433196,7844664,0.48,1.3,1
Company_702,6455770,41167707,0.23,4.12,0
Company_703,2072200,39932801,0.39,1.49,0
Company_704,11889464,7090212,0.77,6.1,1
Company_705,13457080,43785284,0.4,5.26,0
Company_706,2222869,49185024,0.77,5.95,0
Company_707,16608046,38707431,0.57,3.62,0
Company_708,17512055,26320139,0.82,3.59,0
Company_709,4125354,30227191,0.6,1.32,0
Company_710,10818159,30919139,0.22,3.45,0
Company_711,12145552,9600108,0.67,7.51,1
Company_712,15775321,16393942,0.23,3.65,0
Company_713,5782883,7854190,0.52,6.82,0
Company_714,7501632,6284382,0.85,6.9,1
Company_715,16152994,12196042,0.32,3.61,0
Company_716,9083123,42407753,0.47,5.42,0
Company_717,15107262,24432053,0.71,1.67,1
Company_718,10306167,16872847,0.82,1.73,1
Company_719,1635605,22819593,0.67,1.34,1
Company_720,8479821,43131465,0.38,5.07,0
Company_721,5583897,8257181,0.67,3.98,0
Company_722,10203739,27039912,0.41,4.84,0
Company_723,8413718,43708480,0.7,4.65,0
Company_724,1067661,46916167,0.87,3.45,0
Company_725,7859991,38371818,0.7,5.74,0
Company_726,8585153,20686144,0.8,6.31,0
Company_727,11466615,15856760,0.2,1.1,0
Company_728,2307506,23720027,0.7,2.45,1
Company_729,11359814,28284856,0.78,5.99,0
Company_730,3966422,13705956,0.23,3.71,0
Company_731,17599789,37446436,0.81,5.64,0
Company_732,4708654,14714891,0.38,3.43,0
Company_733,1118033,30258148,0.67,3.74,0
Company_734,10018873,7320688,0.76,2.11,1
Company_735,12098917,6805808,0.66,2.81,1
Company_736,6872354,14709175,0.26,5.24,0
Company_737,2215502,42774891,0.62,4.03,0
Company_738,15202047,43090551,0.58,6.42,0
Company_739,16540184,36049883,0.83,6.97,0
Company_740,14014646,25792686,0.48,4.79,0
Company_741,10810404,43209230,0.42,6.31,0
Company_742,12151387,16666027,0.72,3.15,0
Company_743,7292518,42176570,0.49,3.9,0
Company_744,8587768,15929084,0.65,5.99,0
Company_745,3192614,17617619,0.65,3.7,0
Company_746,15030933,22715057,0.82,5.12,0
Company_747,18547389,14955661,0.62,2.3,1
Company_748,12057963,48859585,0.55,5.2,0
Company_749,16211913,25709657,0.3,7.03,0
Company_750,1467010,39761500,0.28,7.08,0
Company_751,2655016,30560098,0.31,6.07,0
Company_752,13969105,39941412,0.32,6.22,0
Company_753,5221038,49799034,0.65,4.91,0
Company_754,11511829,20702852,0.72,5.09,0
Company_755,4880993,46055392,0.57,1.94,0
Company_756,14120110,36073264,0.78,4.11,0
Company_757,14967111,33113586,0.89,4.16,0
Company_758,3568103,49336333,0.77,7.71,0
Company_759,9469872,8040267,0.69,4.02,1
Company_760,9411883,38149417,0.57,4.85,0
Company_761,12082322,34008147,0.51,4.73,0
Company_762,17203305,14685684,0.26,5.46,0
Company_763,11848680,26217066,0.48,6.24,0
Company_764,7482532,12536765,0.84,2.58,0
Company_765,16922693,23673436,0.77,4.7,0
Company_766,6196467,41693176,0.35,6.78,0
Company_767,3000609,13535078,0.53,4.24,0
Company_768,10301434,11935774,0.77,2.95,0
Company_769,10192300,23144439,0.25,5.58,0
Company_770,10549765,31220970,0.47,6.77,0
Company_771,19091748,24205297,0.8,1.44,1
Company_772,18198456,9273445,0.48,6.44,0
Company_773,13248352,8184790,0.25,6.75,0
Company_774,1944789,38134205,0.58,4.23,0
Company_775,19990789,17529971,0.8,7.88,1
Company_776,17193014,11681935,0.61,6.51,0
Company_777,15752367,14963441,0.36,6.42,0
Company_778,9375741,11689142,0.47,6.23,0
Company_779,17514877,31336263,0.52,2.05,0
Company_780,6056861,9990961,0.61,2.52,0
Company_781,7436446,8646804,0.73,4.25,0
Company_782,5148887,5647296,0.27,2.85,0
Company_783,10057014,8122951,0.82,3.91,1
Company_784,5612338,31844511,0.21,7.22,0
Company_785,12242014,5800101,0.46,6.77,0
Company_786,18810471,42655044,0.22,5.41,0
Company_787,8082212,48902446,0.48,7.01,0
Company_788,12441374,27655061,0.57,6.49,0
Company_789,4094235,27791342,0.56,4.0,0
Company_790,15315594,27015777,0.32,2.41,0
Company_791,1387952,28116992,0.65,4.6,0
Company_792,18807333,47907958,0.23,6.15,0
Company_793,3357821,47439798,0.73,4.05,0
Company_794,9913742,35555353,0.86,5.67,0
Company_795,17263882,13121757,0.44,1.66,1
Company_796,6584263,46971665,0.56,6.24,0
Company_797,1244761,41387984,0.47,6.69,0
Company_798,12360428,16820569,0.2,5.95,0
Company_799,17612651,45930951,0.47,7.77,0
Company_800,9386180,27479150,0.75,6.79,0
Company_801,15460021,39831079,0.62,7.32,0
Company_802,1064323,17431216,0.27,7.53,0
Company_803,16296274,21040922,0.79,6.61,0
Company_804,19014931,43971207,0.57,5.72,0
Company_805,9040979,13704813,0.79,1.04,1
Company_806,1954480,24921696,0.61,4.26,0
Company_807,18631232,34461504,0.59,5.0,0
Company_808,6347417,19497054,0.27,3.13,0
Company_809,10253517,16319247,0.32,3.23,0
Company_810,6809701,18913140,0.88,7.73,0
Company_811,14371172,25717501,0.36,7.24,0
Company_812,10993726,11851803,0.88,6.94,0
Company_813,2416012,18045697,0.57,3.84,0
Company_814,6752810,10742533,0.3,1.1,0
Company_815,1571650,29101438,0.27,1.56,0
Company_816,9774533,41181576,0.35,3.19,0
Company_817,3863793,35338208,0.85,1.11,1
Company_818,5909047,7825896,0.49,1.12,0
Company_819,7881289,43491224,0.48,7.42,0
Company_820,8422212,15427148,0.42,5.94,0
Company_821,4757974,9876872,0.3,3.16,0
Company_822,9791689,24397196,0.54,1.93,0
Company_823,9767500,36935646,0.29,4.58,0
Company_824,9291923,22498600,0.78,1.04,1
Company_825,8796324,20099203,0.46,7.57,0
Company_826,12643208,47462817,0.46,3.9,0
Company_827,11373904,21320131,0.53,3.82,0
Company_828,9112074,7887698,0.51,3.73,0
Company_829,19967438,17417420,0.9,1.49,1
Company_830,13138391,9031464,0.58,5.47,0
Company_831,11713405,25167958,0.26,6.13,0
Company_832,17265147,45912236,0.62,5.73,0
Company_833,18563883,27910282,0.31,1.97,0
Company_834,10742257,7887296,0.22,5.05,0
Company_835,14961076,41291014,0.88,4.99,0
Company_836,19489719,29733272,0.74,7.08,0
Company_837,4609736,6100500,0.89,3.65,0
Company_838,9060833,27371392,0.53,3.6,0
Company_839,7638155,35436427,0.57,5.33,0
Company_840,19161634,6961977,0.32,5.43,0
Company_841,18163810,28827142,0.37,4.28,0
Company_842,13225855,9032654,0.79,4.1,1
Company_843,18869717,39218900,0.45,4.46,0
Company_844,6238331,28277458,0.78,7.03,0
Company_845,2135964,11978140,0.7,4.23,0
Company_846,3155748,16748768,0.32,7.58,0
Company_847,12433787,18611312,0.56,4.53,0
Company_848,1873172,34718818,0.67,7.64,0
Company_849,9910852,41591531,0.36,6.83,0
Company_850,6655378,43382858,0.78,3.54,0
Company_851,5873594,46655138,0.58,7.05,0
Company_852,5063309,13379341,0.32,1.77,0
Company_853,7941245,48445065,0.61,7.48,0
Company_854,16876696,45133569,0.9,5.42,0
Company_855,10451244,49534701,0.31,1.38,0
Company_856,11175529,6912584,0.77,5.51,1
Company_857,8817304,25554754,0.35,7.82,0
Company_858,15150033,22002265,0.75,1.49,1
Company_859,18606951,19846767,0.71,4.88,0
Company_860,8021862,19677441,0.41,6.23,0
Company_861,13218983,49804549,0.43,6.67,0
Company_862,9351245,39301851,0.75,3.9,0
Company_863,6282591,48022964,0.52,2.43,0
Company_864,8483058,10438684,0.71,1.3,1
Company_865,4086176,27315019,0.3,5.06,0
Company_866,6345854,40935364,0.8,4.17,0
Company_867,12683982,40209185,0.7,7.64,0
Company_868,17320656,13793380,0.83,1.42,1
Company_869,5883680,15104107,0.29,5.8,0
Company_870,4681262,39125539,0.62,1.17,0
Company_871,5633078,21064554,0.62,2.2,0
Company_872,3609089,15905942,0.45,4.18,0
Company_873,18691444,7086213,0.52,4.18,0
Company_874,1953959,15302330,0.23,5.8,0
Company_875,11578023,29091050,0.72,7.37,0
Company_876,17264230,16199468,0.58,5.47,0
Company_877,8905477,47491924,0.24,7.67,0
Company_878,11016389,40553686,0.68,7.17,0
Company_879,12630982,43599274,0.53,5.09,0
Company_880,18122482,37482294,0.22,6.84,0
Company_881,12460083,31153295,0.88,5.5,0
Company_882,16586926,34419310,0.86,1.55,1
Company_883,13392092,42710964,0.56,6.18,0
Company_884,14899040,36806587,0.27,1.66,0
Company_885,10496563,11592910,0.73,5.16,0
Company_886,15034150,44115544,0.54,5.92,0
Company_887,13190618,27160074,0.41,1.47,0
Company_888,14904421,26794866,0.54,2.62,0
Company_889,11321336,46464131,0.57,7.41,0
Company_890,17559100,49810380,0.59,5.31,0
Company_891,8553974,38812949,0.51,2.72,0
Company_892,11750240,35315282,0.62,5.83,0
Company_893,10803005,37945953,0.84,5.18,0
Company_894,7097091,48300173,0.45,4.51,0
Company_895,14428545,11428540,0.71,7.83,1
Company_896,8705092,39259907,0.83,5.78,0
Company_897,8583354,34105135,0.52,3.63,0
Company_898,6813365,37039284,0.51,6.6,0
Company_899,5057893,20560243,0.62,7.19,0
Company_900,6397662,49731930,0.61,1.88,0
Company_901,17413486,38203868,0.76,2.4,1
Company_902,12606243,31417902,0.53,2.51,0
Company_903,17643948,9338843,0.9,5.84,1
Company_904,11688727,38978658,0.24,5.22,0
Company_905,11288051,17056199,0.2,5.33,0
Company_906,10828366,9117923,0.65,7.59,0
Company_907,2805468,44858177,0.41,6.43,0
Company_908,4427975,35060464,0.37,1.9,0
Company_909,7356228,39253388,0.42,3.43,0
Company_910,9514716,36349379,0.38,4.05,0
Company_911,12548718,34446493,0.22,3.77,0
Company_912,12618627,44833034,0.88,5.69,0
Company_913,16043403,44697758,0.35,7.24,0
Company_914,6525633,5175211,0.71,3.14,1
Company_915,19857370,46074249,0.73,4.86,0
Company_916,3244702,17481574,0.85,6.53,0
Company_917,13920739,45967052,0.22,3.91,0
Company_918,16727907,30431622,0.81,2.18,1
Company_919,8726890,25668329,0.57,4.32,0
Company_920,9357956,33186921,0.64,1.39,0
Company_921,9204298,47098723,0.65,7.6,0
Company_922,10451337,16392083,0.77,1.52,1
Company_923,4386501,43285173,0.43,4.07,0
Company_924,11367687,44159558,0.71,4.71,0
Company_925,8395350,18952821,0.57,7.9,0
Company_926,5588334,19394752,0.76,2.16,1
Company_927,9464685,40009897,0.89,1.8,1
Company_928,2255564,17581422,0.34,1.06,0
Company_929,9930264,16098252,0.9,2.09,1
Company_930,11673774,38766262,0.26,2.45,0
Company_931,11440139,33728437,0.2,5.41,0
Company_932,3792427,44541461,0.23,2.54,0
Company_933,12309411,45071048,0.44,1.14,0
Company_934,6748035,43310408,0.64,6.79,0
Company_935,5390020,30687822,0.25,3.56,0
Company_936,3681719,11897673,0.2,3.48,0
Company_937,18667911,17448727,0.86,3.12,1
Company_938,13583038,25523385,0.78,7.83,0
Company_939,18615977,11002296,0.77,2.19,1
Company_940,10688053,45364615,0.82,7.29,0
Company_941,9887324,23552983,0.69,6.44,0
Company_942,12529677,46538255,0.27,1.54,0
Company_943,16863509,46927728,0.48,7.91,0
Company_944,17591661,15718361,0.71,2.9,1
Company_945,7575716,29245082,0.4,1.69,0
Company_946,3002324,27271555,0.68,6.81,0
Company_947,7262105,44432241,0.22,5.95,0
Company_948,13715629,48440658,0.41,5.32,0
Company_949,7671318,36886947,0.58,2.09,0
Company_950,18271808,13002619,0.64,4.35,0
Company_951,12634494,12667857,0.6,6.46,0
Company_952,14799990,9428690,0.69,3.13,1
Company_953,4578226,43993865,0.2,3.18,0
Company_954,3427540,13889782,0.27,1.02,0
Company_955,19492846,41436209,0.81,2.22,1
Company_956,1318408,8696176,0.68,7.13,0
Company_957,9856884,15732002,0.28,4.09,0
Company_958,11543305,47454123,0.79,7.89,0
Company_959,10272985,19697697,0.37,3.77,0
Company_960,2898739,22789600,0.53,6.01,0
Company_961,18794649,22644180,0.3,2.97,0
Company_962,5661029,13437712,0.7,3.55,0
Company_963,12149697,33222101,0.67,2.34,1
Company_964,14757649,39418095,0.35,3.43,0
Company_965,19358746,10783182,0.8,4.83,1
Company_966,14427105,18147590,0.48,7.94,0
Company_967,19864474,34565896,0.4,5.65,0
Company_968,5856447,6206861,0.31,2.39,0
Company_969,7857658,35131276,0.39,1.31,0
Company_970,1996530,8119612,0.22,1.88,0
Company_971,7231219,9936600,0.61,4.94,0
Company_972,12292148,19648065,0.79,6.36,0
Company_973,4364695,43290751,0.58,7.58,0
Company_974,13966064,19160134,0.35,1.11,0
Company_975,11580030,37833108,0.22,4.66,0
Company_976,18822698,22034897,0.35,4.3,0
Company_977,6786265,27406697,0.49,5.59,0
Company_978,8487345,32164021,0.73,4.92,0
Company_979,1570451,40609212,0.33,5.81,0
Company_980,1967344,29768424,0.7,5.61,0
Company_981,12243667,26200624,0.81,1.82,1
Company_982,3412149,5842186,0.52,6.6,0
Company_983,6398869,34553638,0.78,1.86,1
Company_984,17405566,19578363,0.59,5.89,0
Company_985,10427504,31659117,0.65,3.91,0
Company_986,12686214,49494354,0.57,4.6,0
Company_987,8022336,45670787,0.52,7.32,0
Company_988,13485559,29003801,0.36,7.23,0
Company_989,9652831,44093349,0.41,6.72,0
Company_990,14691164,6124905,0.4,4.57,0
Company_991,12707868,41660390,0.59,6.15,0
Company_992,15246173,35055020,0.28,4.59,0
Company_993,3694287,10559277,0.84,7.09,0
Company_994,11055079,37355047,0.7,3.82,0
Company_995,7511634,25035300,0.48,7.79,0
Company_996,14781009,20315296,0.31,7.53,0
Company_997,9976973,13593059,0.82,6.19,0
Company_998,14407602,23757506,0.78,2.96,0
Company_999,1703662,37560480,0.71,1.92,1
Company_1000,19082801,38957754,0.39,6.98,0
